featurePair,variable,median,HPD_l,HPD_u
VS-VO,r_2_1,7.509722935816673,2.96446288603222,13.828270384915022
VS-VO,r_3_1,1.163261654981401,0.0735253561993812,3.493444461441846
VS-VO,r_4_1,0.4829439777907063,0.03730770565913088,1.6980037454831867
VS-VO,r_1_2,1.709763039321083,0.6565470407227803,3.379968075923631
VS-VO,r_3_2,0.905907431423078,0.04033377895219073,3.337397410069766
VS-VO,r_4_2,7.891526882907695,2.6231449956107515,15.523042818123077
VS-VO,r_1_3,0.12681792212826723,0.024297376197909847,0.3037346479438162
VS-VO,r_2_3,0.15731346626078407,0.01541235442797607,0.4712369938122342
VS-VO,r_4_3,0.26147676691310806,0.03709895301592345,0.7734439971907909
VS-VO,r_1_4,0.70014687853457,0.19343548965884652,1.5922918765757357
VS-VO,r_2_4,6.357245921607053,2.0688516795634597,12.523862624542062
VS-VO,r_3_4,0.8622676773545985,0.10421669896035703,3.2266904062462403
VS-VO,e1,0.5873993736189391,0.5213906335496931,0.660259681944975
VS-VO,e2,0.17936619600292425,0.13242930586445578,0.22578733411470936
VS-VO,e3,0.04636063226613508,0.020661099153703216,0.07296511892201875
VS-VO,e4,0.1836349212560332,0.13495909625691535,0.23428646705955175
VS-PN,r_2_1,5.507461116434424,2.228581190933193,11.055768451411748
VS-PN,r_3_1,1.4735506478415858,0.08173972858172995,4.2365856047345405
VS-PN,r_4_1,0.6173704479326254,0.031571218626171585,2.390363187043417
VS-PN,r_1_2,0.9126559339256239,0.2654800409923138,1.9117921263342974
VS-PN,r_3_2,1.0627434297579277,0.028473052114019765,3.5252896367143
VS-PN,r_4_2,5.9542074432454974,2.4720223996212085,12.27312473886673
VS-PN,r_1_3,0.3671942897323913,0.10491000102614849,0.7851962214340603
VS-PN,r_2_3,0.23118602565755275,0.041693245295644735,0.6975287882933225
VS-PN,r_4_3,0.3078765936425688,0.04249840341437075,0.8802537988252648
VS-PN,r_1_4,0.32263103443436547,0.07432713838188984,0.805953499269159
VS-PN,r_2_4,6.2094100083510915,2.198050530348504,12.291901119890397
VS-PN,r_3_4,0.9241355428345042,0.0359037187477008,3.100090581832041
VS-PN,e1,0.6141536912615573,0.5372912425678079,0.6828201356882747
VS-PN,e2,0.13696815954872346,0.09604610946361539,0.18461716775574188
VS-PN,e3,0.08048577702419535,0.046231245365893486,0.12327733474313562
VS-PN,e4,0.16269011123081834,0.11567423800506021,0.2179244238485278
VS-NG,r_2_1,9.183232095134468,4.154096299594564,18.55137797949959
VS-NG,r_3_1,1.5226870763565477,0.11656042171321368,5.028007913052628
VS-NG,r_4_1,0.5332378445384249,0.03597077528217534,1.7479885042804542
VS-NG,r_1_2,1.302939964378854,0.4336738923320822,2.7439046852476006
VS-NG,r_3_2,1.0507037299611057,0.03842255693847632,3.5184590883955336
VS-NG,r_4_2,5.49387137916664,2.150469001726143,11.48981211175323
VS-NG,r_1_3,0.3923525747627089,0.135943817637693,0.8737448129955097
VS-NG,r_2_3,0.24867305345493365,0.015951039436764198,0.685339654284224
VS-NG,r_4_3,0.3490500315014674,0.05007747863017875,1.0049770305948909
VS-NG,r_1_4,0.35656752253427515,0.078285987140984,0.8343928370520701
VS-NG,r_2_4,5.708202465874131,2.247062153998498,12.083467747716167
VS-NG,r_3_4,0.6252398821011222,0.03146532505866423,2.4170932108672982
VS-NG,e1,0.6384475321477583,0.5715412076635011,0.7084160049891182
VS-NG,e2,0.11661113726632433,0.0793738041554666,0.1573594055731188
VS-NG,e3,0.09135372777433014,0.053233846665602255,0.1368368291070972
VS-NG,e4,0.1491469361665067,0.10355391276644975,0.19668404463972483
VS-NA,r_2_1,2.671300444241407,1.1501852448757703,4.874576712549135
VS-NA,r_3_1,1.4428936303552307,0.09100641787403982,3.3730036699773445
VS-NA,r_4_1,0.6379758920077823,0.06197746213173078,1.717601610487207
VS-NA,r_1_2,4.5692372812016995,1.8835366168044059,8.081046874544155
VS-NA,r_3_2,0.6766264194156028,0.07789283379204454,2.4522986562568243
VS-NA,r_4_2,5.00552789179888,1.725402880913965,9.520986116245822
VS-NA,r_1_3,0.29799183404191754,0.05663997631199776,0.7408202161735136
VS-NA,r_2_3,0.1992746969267401,0.02981411513221137,0.4629738095914706
VS-NA,r_4_3,1.2410965911421368,0.2885065981462303,2.7583639608677766
VS-NA,r_1_4,0.449596890916766,0.1245055929567414,1.082836482831845
VS-NA,r_2_4,1.6899725768229077,0.570116860394009,3.0424319069480728
VS-NA,r_3_4,0.37670689052356354,0.034890672230248006,1.2199763915416322
VS-NA,e1,0.2801211670908442,0.22126919755131247,0.342773238120215
VS-NA,e2,0.4538045378526351,0.3879306094977768,0.523793873128752
VS-NA,e3,0.12722432967308583,0.08493861299888693,0.17372344513165694
VS-NA,e4,0.13552327430361483,0.09260577372541748,0.18144512332087348
VS-ND,r_2_1,5.684928509439089,2.582705186091939,10.040132612685849
VS-ND,r_3_1,0.8391188034463979,0.08561179941744534,2.3946128769881745
VS-ND,r_4_1,0.5478827580423105,0.03891191908576778,1.6804363441384649
VS-ND,r_1_2,3.315446659153905,1.2780454032260669,6.1354929024886715
VS-ND,r_3_2,1.4104654481156085,0.2825059518184149,3.1953578660384587
VS-ND,r_4_2,2.6258540278004974,0.8064748921219395,5.740910705039626
VS-ND,r_1_3,0.506812403802023,0.12778070732465804,1.0662848553059445
VS-ND,r_2_3,0.5381284463568895,0.14604696810702042,1.0996532912831587
VS-ND,r_4_3,1.1427437060991856,0.2304609246655985,2.877766803320447
VS-ND,r_1_4,0.20577016056069322,0.03267055718085213,0.5233416904821383
VS-ND,r_2_4,0.9636511342625671,0.39965509635417346,1.954376348114682
VS-ND,r_3_4,0.5578599989028279,0.11562847330173837,1.480752317266727
VS-ND,e1,0.44482697708701524,0.3798686204320568,0.5142982905802699
VS-ND,e2,0.27846865279903815,0.22185259975327207,0.34244051172011297
VS-ND,e3,0.16888360852581547,0.11531652902744391,0.22248340466215913
VS-ND,e4,0.10390255590064762,0.06504871419030464,0.14491680170000348
VS-NNum,r_2_1,2.713706051861039,0.931931065231731,4.937034303468378
VS-NNum,r_3_1,2.5703549783556547,0.6981071353290635,5.298650609557438
VS-NNum,r_4_1,0.4823240782046336,0.06360442389376368,1.6278334503637688
VS-NNum,r_1_2,2.8139151582473687,0.9204723460006251,5.417659326209618
VS-NNum,r_3_2,1.73780526254082,0.27095178762146827,4.3517397430768545
VS-NNum,r_4_2,2.8836615555685605,0.8449061923429251,6.2247201969084
VS-NNum,r_1_3,2.2138490876176764,0.8139648740941864,4.250249550164451
VS-NNum,r_2_3,0.4334552108401716,0.09507318652016958,0.9320766816386349
VS-NNum,r_4_3,0.4716440904686708,0.04681609748754882,1.5025689062837488
VS-NNum,r_1_4,0.2139773950845092,0.020737455384993816,0.5725272060274736
VS-NNum,r_2_4,0.38438059574926536,0.08546076657641277,0.8597392366702244
VS-NNum,r_3_4,0.7737012391253161,0.14533442161611057,1.7870102454166128
VS-NNum,e1,0.31027758348604384,0.24800881843256542,0.3773735190738438
VS-NNum,e2,0.41709447592108345,0.34142516647823157,0.48380271749545
VS-NNum,e3,0.1756429655686025,0.12849332895659765,0.22972600665384507
VS-NNum,e4,0.09271448137838703,0.055619482784832135,0.13954869318814767
VS-NRc,r_2_1,3.009537401176889,0.7995885139465249,6.086965011384657
VS-NRc,r_3_1,11.847093582038545,4.871323707613374,23.513530480774754
VS-NRc,r_4_1,1.0722999001908966,0.07745168105025167,3.609990686834559
VS-NRc,r_1_2,1.8220024731771671,0.45815441854743855,3.6382719001036934
VS-NRc,r_3_2,0.7901031990903642,0.04892565261839087,2.368963014050304
VS-NRc,r_4_2,0.9497338391477186,0.06804679712680714,3.3274780240812825
VS-NRc,r_1_3,6.400641881670639,2.6524531126032973,12.16142695089945
VS-NRc,r_2_3,0.7121922835815764,0.06146781860241791,2.2749839754559287
VS-NRc,r_4_3,0.9001324745501538,0.06581695752035806,3.244570162164207
VS-NRc,r_1_4,0.13056233046049942,0.0136796962442465,0.323116269886192
VS-NRc,r_2_4,0.17116812671665682,0.012273184054975182,0.4935646418282803
VS-NRc,r_3_4,0.2851588522521098,0.03788834823759095,0.7414016679368785
VS-NRc,e1,0.43915092585655646,0.36443201469974223,0.5172648084083765
VS-NRc,e2,0.2682375932353319,0.1962026035992048,0.3460646377131745
VS-NRc,e3,0.2342373163139644,0.17474342730183687,0.3043783852108419
VS-NRc,e4,0.05131653445663284,0.023603721994099276,0.08800102692397636
VO-PN,r_2_1,2.189892444987298,0.07466065428236936,6.362286278538164
VO-PN,r_3_1,6.5410468883678154,2.2021282136150604,12.61155989354279
VO-PN,r_4_1,2.5622723045642526,0.8356093319887874,5.296915614032557
VO-PN,r_1_2,0.17461354859331363,0.0253002605313173,0.44036977595995846
VO-PN,r_3_2,0.475868584765484,0.03926240778371286,1.4591372467591623
VO-PN,r_4_2,0.6844186584726997,0.12532392468516468,1.5080201436832552
VO-PN,r_1_3,0.6299279359930318,0.16078932133587626,1.3222686856744397
VO-PN,r_2_3,0.7310361168209575,0.02886161311730321,2.734541428729921
VO-PN,r_4_3,1.2076332447347342,0.40243733455002334,2.5699214184286614
VO-PN,r_1_4,1.3349206874545625,0.47700127424513206,2.726227778691153
VO-PN,r_2_4,1.8616271943052145,0.04884366017861046,5.863038189519344
VO-PN,r_3_4,0.753436024253455,0.043680112560219767,2.687531029204539
VO-PN,e1,0.613902939427498,0.5398306047310975,0.6846724850564189
VO-PN,e2,0.060163414870369115,0.03167744864115696,0.09594193271734953
VO-PN,e3,0.0909225367658852,0.054273317829189066,0.13350378001131777
VO-PN,e4,0.22978453795825188,0.17486359436300059,0.29306842527189225
VO-NG,r_2_1,3.288600482879434,0.7475545623871668,7.066875200783069
VO-NG,r_3_1,4.663825832770191,1.7217931738135157,9.24909100350263
VO-NG,r_4_1,1.0768235058699749,0.23305039703368907,2.371739067637311
VO-NG,r_1_2,0.3143395550321597,0.08052418923451651,0.6672147514609363
VO-NG,r_3_2,0.35319261960337445,0.05225566828601325,1.0212078297917577
VO-NG,r_4_2,0.7648302033633703,0.18589614337524052,1.7024902245789368
VO-NG,r_1_3,1.0198003637996242,0.33171555838058286,2.0152491171152014
VO-NG,r_2_3,0.5437263188194588,0.04101989332536948,1.6033941183519977
VO-NG,r_4_3,2.5564871554032855,0.9015818790973922,4.940433707754433
VO-NG,r_1_4,0.7286645317463185,0.18095396631846913,1.6041604729568033
VO-NG,r_2_4,0.6136513151612286,0.01593094802663018,1.8937916869006577
VO-NG,r_3_4,1.331156944078536,0.25530363494508773,3.3522279615888153
VO-NG,e1,0.5844527134414349,0.5096808997273515,0.6574882433795118
VO-NG,e2,0.08256605591589669,0.04725510218506637,0.12326383309951182
VO-NG,e3,0.16464005714601881,0.11411512225483213,0.21478004672062503
VO-NG,e4,0.16444556570396224,0.1152924304468417,0.21593015798043633
VO-NA,r_2_1,1.220286238511215,0.3819702777132886,2.537258067384875
VO-NA,r_3_1,1.4069672972714526,0.11730241713036027,3.520059122109093
VO-NA,r_4_1,0.6939473966662439,0.1801835170781843,1.572877568306674
VO-NA,r_1_2,2.6510434137613164,0.9920175388698558,5.337786114605038
VO-NA,r_3_2,0.46086396825026565,0.03338607854743301,1.5179371148466236
VO-NA,r_4_2,1.9567330091797166,0.6810333499159654,3.887621526467337
VO-NA,r_1_3,0.5571420523229489,0.10250745651309065,1.3181411571056922
VO-NA,r_2_3,0.2171203204623331,0.04396332592086827,0.5217367521785082
VO-NA,r_4_3,2.7020984342576098,1.024706561507924,5.114245675215765
VO-NA,r_1_4,0.6994256445864945,0.11381734744635086,1.8435175087231241
VO-NA,r_2_4,0.982463708884389,0.23513419616762818,2.1661474845849495
VO-NA,r_3_4,1.6353791139152734,0.2488310011602628,3.82421830978048
VO-NA,e1,0.22389427515445062,0.1649354323364898,0.2819866062372228
VO-NA,e2,0.4202209621202636,0.35014105806083684,0.49302963866037347
VO-NA,e3,0.18307880790256315,0.1305023804833047,0.23695645369330795
VO-NA,e4,0.16930371477205444,0.12540554064378262,0.22027189162554278
VO-ND,r_2_1,3.5002789240089056,1.4840043467956947,7.081957369934923
VO-ND,r_3_1,1.3310026120260599,0.306295014519341,3.1025727068908484
VO-ND,r_4_1,1.0428145687642534,0.26772756260662267,2.6036443753925407
VO-ND,r_1_2,2.119177131969242,0.6909196023233184,4.391471591820274
VO-ND,r_3_2,0.3156420909994164,0.023729979653489622,0.9583369748445931
VO-ND,r_4_2,1.006611820089256,0.21329550927144575,2.276323339175808
VO-ND,r_1_3,1.1599640705690613,0.35212198080001494,2.398121259788962
VO-ND,r_2_3,0.28449814201974016,0.05291630575449923,0.7502352556812946
VO-ND,r_4_3,3.5444288563813293,1.2891771041055278,6.846945360473237
VO-ND,r_1_4,0.4861613814831754,0.08377248713098827,1.1707859025246148
VO-ND,r_2_4,0.34892201186275784,0.035749213218364585,0.9809030859435082
VO-ND,r_3_4,2.5786431238671463,0.7938503221748395,5.72266465057063
VO-ND,e1,0.3527036086446461,0.2831641315475291,0.41936186507096146
VO-ND,e2,0.24163373667093882,0.18400961434285007,0.3041001696872077
VO-ND,e3,0.24100294384719007,0.18502360668211312,0.2992197291311411
VO-ND,e4,0.1608707836623342,0.11429657150642847,0.20937532290904656
VO-NNum,r_2_1,1.17223849940076,0.45860901541149307,2.363940452711786
VO-NNum,r_3_1,1.5592555293616024,0.27057650129546346,3.409888024845467
VO-NNum,r_4_1,0.5084684951391621,0.06933684974221349,1.4452007985465936
VO-NNum,r_1_2,0.8688200199889289,0.14468329355780335,1.9089137864142258
VO-NNum,r_3_2,0.49732439457185945,0.055649024979268824,1.5036473218650297
VO-NNum,r_4_2,2.4256959305462598,0.9126999399491744,4.872541382537558
VO-NNum,r_1_3,1.81297835338572,0.6467356673172244,3.5944301603233595
VO-NNum,r_2_3,0.31134948727416595,0.04003906079384477,0.7588057150484133
VO-NNum,r_4_3,3.597818738656936,1.2625249301699528,6.783309764345732
VO-NNum,r_1_4,0.47910287314919847,0.08167151732377792,1.175822859395455
VO-NNum,r_2_4,0.45019276128693375,0.08655554011375002,1.0402861918636939
VO-NNum,r_3_4,2.698489076984094,0.9919268271449129,5.397533196290574
VO-NNum,e1,0.2678048671206607,0.19931629246858423,0.33287873232044934
VO-NNum,e2,0.36024297087934454,0.28652230832309533,0.43178840078293795
VO-NNum,e3,0.22904314239549445,0.174586735304067,0.2981456722211001
VO-NNum,e4,0.14005656569019012,0.09621226084449944,0.1875166175288639
VO-NRc,r_2_1,1.6744977080227492,0.23304061373978074,3.8488465540804633
VO-NRc,r_3_1,3.5205236965370856,1.0095630316669912,7.274209865476409
VO-NRc,r_4_1,1.0577451197542138,0.0647686408116605,4.287259098006445
VO-NRc,r_1_2,1.5775312512794923,0.19376582796683595,3.8698583085023133
VO-NRc,r_3_2,1.414939266047054,0.23611938101830893,3.1172534845514783
VO-NRc,r_4_2,1.1541065982089407,0.05618576999039754,4.432543273154455
VO-NRc,r_1_3,4.131785262637938,1.1192265507696617,8.634899074441794
VO-NRc,r_2_3,1.8343107306187432,0.26246385057526506,4.799080215814699
VO-NRc,r_4_3,1.363377936853321,0.07678929511843707,5.0091676453861504
VO-NRc,r_1_4,0.17056116751270436,0.024608905958558663,0.46871479142685113
VO-NRc,r_2_4,0.25674431844479795,0.032933295351219846,0.6608946188359461
VO-NRc,r_3_4,0.18836331167156767,0.030737689826541965,0.49970590206117604
VO-NRc,e1,0.3076454895452352,0.22918390174093617,0.3774542802367026
VO-NRc,e2,0.2769344907839216,0.20024021928993244,0.3521142811625919
VO-NRc,e3,0.3662451211987626,0.28502942274885756,0.4454266594838108
VO-NRc,e4,0.046243425015621425,0.019961277359273135,0.08269483270190127
PN-NG,r_2_1,2.6339516557435694,0.46768402048168045,6.514441972215293
PN-NG,r_3_1,4.279792334225243,0.8132481375613206,9.741809170887402
PN-NG,r_4_1,3.6526129790369306,1.3153035615348627,7.872211868336852
PN-NG,r_1_2,0.15897650995110763,0.026497666151503885,0.4214918309909258
PN-NG,r_3_2,0.534634627782203,0.08303821419768362,1.5493066938125095
PN-NG,r_4_2,0.4033027257244405,0.055651476795198954,1.1155533909665687
PN-NG,r_1_3,0.468012903047057,0.11734581112610112,1.0343177223933444
PN-NG,r_2_3,0.5446770767703336,0.03870831474492354,1.8731109452978514
PN-NG,r_4_3,2.1495614784602015,0.5800692720823031,4.615344652211893
PN-NG,r_1_4,1.1700118479580697,0.26339445046914317,2.407048229099311
PN-NG,r_2_4,0.9352341877408876,0.05639295379017316,3.2710751903057007
PN-NG,r_3_4,1.1114964136228056,0.056536836203741496,3.8118733513817524
PN-NG,e1,0.6721879616029995,0.5984091851894257,0.74517567169572
PN-NG,e2,0.055194188262600696,0.02626548372198207,0.0916864054405902
PN-NG,e3,0.11144481524695204,0.06979460159565964,0.1569717503088033
PN-NG,e4,0.15722663216176577,0.10968878852768035,0.2163333068380682
PN-NA,r_2_1,1.681267895200166,0.5348729607538683,3.689973366408858
PN-NA,r_3_1,0.9667559408069148,0.06505439057988523,2.514664856311706
PN-NA,r_4_1,1.2662776294820062,0.2899554645850174,2.833752815548603
PN-NA,r_1_2,3.6073671296717382,0.9034332774859589,6.762400921426467
PN-NA,r_3_2,0.5692055450438611,0.03700976065351406,1.7876782124452006
PN-NA,r_4_2,2.320168771511426,0.5799894525989977,4.657991889272035
PN-NA,r_1_3,0.3995775875256177,0.08427795712502606,0.9940135515361208
PN-NA,r_2_3,0.15665295403378837,0.023913028948604975,0.4452987832948584
PN-NA,r_4_3,3.2724973763690324,1.3408539616570605,6.444661511488242
PN-NA,r_1_4,0.8572998132592646,0.165621803819257,2.102469882385626
PN-NA,r_2_4,0.7160437711288534,0.1185509388295256,1.611426697309695
PN-NA,r_3_4,1.8985127225856542,0.24843597881244237,4.5147413930722475
PN-NA,e1,0.23290637673975262,0.1699960026007871,0.3037488938516846
PN-NA,e2,0.471831251849431,0.3922726849690299,0.5461418432620693
PN-NA,e3,0.16271857563956385,0.11609357539056157,0.22306389039770386
PN-NA,e4,0.12840089523714385,0.08534228799309236,0.17242608008611435
PN-ND,r_2_1,3.2543619142881193,1.2535428118833325,6.323636901526793
PN-ND,r_3_1,0.9245556951329494,0.0456186866408827,2.5187388664016748
PN-ND,r_4_1,1.16316792469695,0.24544819172866933,2.6822494950602103
PN-ND,r_1_2,1.818654486931392,0.6125381597091574,3.6473973539575395
PN-ND,r_3_2,0.4206794349596208,0.03579437386057084,1.4136636368466036
PN-ND,r_4_2,1.7248256475120296,0.5789112212029013,3.6806532284041906
PN-ND,r_1_3,0.6953430611745206,0.25722897391526506,1.4447568709627556
PN-ND,r_2_3,0.17235534195068897,0.02518505070902493,0.4982208295476385
PN-ND,r_4_3,3.665157064583232,1.5349457749739326,7.05157776063025
PN-ND,r_1_4,0.5138295357880598,0.06279351366154738,1.14018486319403
PN-ND,r_2_4,0.44421244696374,0.06466850991237107,1.1133973165872213
PN-ND,r_3_4,2.5388348177813853,0.8121163147346654,5.572593258978062
PN-ND,e1,0.4034465830850401,0.33095570589499707,0.47483052582271384
PN-ND,e2,0.2705020899419026,0.20776586114212886,0.3356840697273477
PN-ND,e3,0.1951515562460968,0.13681671943042464,0.253788094485085
PN-ND,e4,0.12699277555050276,0.08429583029656146,0.17466479617476552
PN-NNum,r_2_1,1.4830284951932826,0.4983009777411044,2.987443165143209
PN-NNum,r_3_1,1.2720625879377694,0.14643676998290472,2.9922539684038147
PN-NNum,r_4_1,0.5114416690244444,0.05471275383486579,1.60205566886692
PN-NNum,r_1_2,0.9879472362667738,0.11290264331184514,2.2932644452686115
PN-NNum,r_3_2,0.6496370915316159,0.04624676111174817,2.0534638861659023
PN-NNum,r_4_2,3.009624779335077,0.8444637422853194,6.062426466111948
PN-NNum,r_1_3,1.4580614634070481,0.429622076946461,3.084759483202253
PN-NNum,r_2_3,0.20437372636659262,0.027760592396600024,0.5652872831602698
PN-NNum,r_4_3,3.490605907858349,0.8376078612198534,7.334357735810805
PN-NNum,r_1_4,0.24140887026167235,0.02911478665390526,0.7640310170350804
PN-NNum,r_2_4,0.41698294459437985,0.07249221264428633,1.0413672441769233
PN-NNum,r_3_4,3.68356325544998,1.1912313550082811,7.899132197544072
PN-NNum,e1,0.3170241778305058,0.24444459247678238,0.39730833091320433
PN-NNum,e2,0.38398003520184454,0.3042010967960835,0.4674949276086472
PN-NNum,e3,0.17060638953756266,0.10908995729181611,0.2333308355449247
PN-NNum,e4,0.12279149359999361,0.0746689471076102,0.1809660673170127
PN-NRc,r_2_1,1.9249792480590213,0.33058301594499134,4.439134611195932
PN-NRc,r_3_1,4.511589503558086,1.5161580026001116,9.23655365471255
PN-NRc,r_4_1,1.2124155120310443,0.08313433695638235,4.351045891357582
PN-NRc,r_1_2,1.6347784840534472,0.3400037425743636,3.5977622682781703
PN-NRc,r_3_2,1.433478804533353,0.2948530623078018,3.1651234888551367
PN-NRc,r_4_2,1.1846593280266633,0.040230000089983495,4.72352749225188
PN-NRc,r_1_3,3.40981366700291,0.866611375341432,7.375327668955062
PN-NRc,r_2_3,1.7282605021151065,0.07774848687300513,4.188514673386193
PN-NRc,r_4_3,1.5929019066851728,0.0379896801948035,5.08175706227443
PN-NRc,r_1_4,0.17280883310585268,0.026081852333086113,0.4692521219075275
PN-NRc,r_2_4,0.21077317464235365,0.025970379921266058,0.572563695381282
PN-NRc,r_3_4,0.34466539714704153,0.06020018727296342,0.8932210503388691
PN-NRc,e1,0.3728504050832284,0.2905271993628872,0.4561919833312844
PN-NRc,e2,0.2777073124009941,0.20485392063169885,0.3560597229889115
PN-NRc,e3,0.29517513571654147,0.22118034957042015,0.3753597563488123
PN-NRc,e4,0.05000562724315832,0.02125282019392985,0.08557338162575584
NG-NA,r_2_1,1.2186039565380589,0.3731945241700317,2.5710661721514994
NG-NA,r_3_1,1.9913267945096438,0.18194797239517946,4.523782125464937
NG-NA,r_4_1,1.5228747705151524,0.44510719134079796,3.4178320400280278
NG-NA,r_1_2,2.590849711298713,0.8917031982481414,5.189043664714745
NG-NA,r_3_2,0.48949898378603285,0.012643061667328549,1.7073255222290808
NG-NA,r_4_2,3.2722875988946183,1.2078621579058786,6.558725519668533
NG-NA,r_1_3,0.26150539304626086,0.03698957315114054,0.7583275763348514
NG-NA,r_2_3,0.1290362295058221,0.015172141955086092,0.3648378166217574
NG-NA,r_4_3,2.700338818848416,1.0301510548329897,5.408309039169591
NG-NA,r_1_4,0.7613494811135106,0.10555647114127661,1.9147182095655226
NG-NA,r_2_4,1.149710363079413,0.36468809643036837,2.4381569308760342
NG-NA,r_3_4,1.1655437860131577,0.11910135873280576,2.9965897959745984
NG-NA,e1,0.277524967668224,0.21488430190850724,0.3497784192530906
NG-NA,e2,0.4727421952332424,0.3923097941366009,0.5479859130179329
NG-NA,e3,0.1240283747111541,0.08064717831369612,0.17116145722268022
NG-NA,e4,0.12222999463792229,0.08236436071335866,0.16737431341969786
NG-ND,r_2_1,4.01401570860239,1.8757810062719413,7.334212520909906
NG-ND,r_3_1,1.5595004104076122,0.3438854621823465,3.305403116953358
NG-ND,r_4_1,0.9830047543578276,0.2251624172166452,2.1655138299633068
NG-ND,r_1_2,1.9668454454956943,0.9380116743132825,3.7067399837848254
NG-ND,r_3_2,0.401931034202148,0.029074342392630265,1.3445065761068904
NG-ND,r_4_2,2.6111346959909145,1.052931053828073,5.0047475367659855
NG-ND,r_1_3,0.455649570712389,0.1359363818640467,0.9825162601176114
NG-ND,r_2_3,0.15309779722390532,0.02815218531709374,0.4414520552894521
NG-ND,r_4_3,2.97078111891065,1.220593953565802,5.688029625314453
NG-ND,r_1_4,0.6306336744205795,0.17956273601313788,1.286638531114902
NG-ND,r_2_4,0.5774661556105515,0.04920023112894735,1.482995639922697
NG-ND,r_3_4,1.9424486047895944,0.4380577666003861,4.1794549620692765
NG-ND,e1,0.46287914175424794,0.38994302536686404,0.538573986663647
NG-ND,e2,0.27016011337950474,0.21108098308747722,0.3404228387984708
NG-ND,e3,0.14865118125294005,0.09960122059653939,0.20031401737094273
NG-ND,e4,0.114763370048547,0.07777248185092633,0.15866631516493834
NG-NNum,r_2_1,1.4760243605044034,0.4093967890688187,3.0055562635483497
NG-NNum,r_3_1,2.2532320356819406,0.44681433670979476,4.618026815713438
NG-NNum,r_4_1,0.999777545882241,0.12084511457249911,2.366037357870369
NG-NNum,r_1_2,0.9039662275490936,0.1270380509196558,2.1167799538151577
NG-NNum,r_3_2,0.9494012444434001,0.12209580799285925,2.464754496951087
NG-NNum,r_4_2,2.7333519640682082,0.8801534852426793,5.744294761809027
NG-NNum,r_1_3,1.1948607760528014,0.29915210012716875,2.5455222799841004
NG-NNum,r_2_3,0.2208097382697763,0.021942293367618923,0.5982838183382009
NG-NNum,r_4_3,1.223270042276354,0.26087299303439915,2.8494436978427813
NG-NNum,r_1_4,0.21445133596137744,0.02037253800624208,0.7128152044377025
NG-NNum,r_2_4,0.5040012044150759,0.09249555571111465,1.231190992056568
NG-NNum,r_3_4,3.457904739393528,1.1476073564485778,6.985520140489781
NG-NNum,e1,0.3848597493084349,0.3124462232165443,0.46389658767927094
NG-NNum,e2,0.3716158383050493,0.30107704942806107,0.45433400973721094
NG-NNum,e3,0.1073867802843895,0.06624109797950015,0.15885903089681058
NG-NNum,e4,0.1309450071180845,0.08679514700409201,0.18088577043351314
NG-NRc,r_2_1,2.430893796756088,0.46592267675124555,5.167808577111488
NG-NRc,r_3_1,6.547690843401029,2.0831670779725906,13.465647435305545
NG-NRc,r_4_1,0.984396272151809,0.07989715157900255,3.9366651781660735
NG-NRc,r_1_2,1.260481709277507,0.25164439699865554,3.2629123544219083
NG-NRc,r_3_2,1.5850619204711096,0.26892305146544065,3.7714751705136025
NG-NRc,r_4_2,1.2646037480166972,0.023138561411528428,4.171066586856218
NG-NRc,r_1_3,4.387027300739289,1.3620051661300452,9.280213308790042
NG-NRc,r_2_3,0.6830615798283727,0.05483008550698172,2.1817920377263382
NG-NRc,r_4_3,1.2553693972538627,0.07437751331280215,4.441895259069673
NG-NRc,r_1_4,0.13813839630152716,0.014532123210327274,0.3788898237249044
NG-NRc,r_2_4,0.18887001709298523,0.032206139374545736,0.561522545316482
NG-NRc,r_3_4,0.28519214718935915,0.05984157503913841,0.7691323405587188
NG-NRc,e1,0.40764695818337543,0.32167123422424976,0.4883799133009998
NG-NRc,e2,0.2912971066680603,0.21806975030461384,0.3776654121325254
NG-NRc,e3,0.24689155661200785,0.17827002652594853,0.32166350917585784
NG-NRc,e4,0.047065165747690735,0.01955600878807096,0.08591431945219057
NA-ND,r_2_1,0.9258550736578115,0.06400152055509549,3.165043345307104
NA-ND,r_3_1,1.8297099878582568,0.5158624364393374,4.1614066740072975
NA-ND,r_4_1,2.111207338775148,0.6643774542652542,4.141313205283283
NA-ND,r_1_2,0.22129636204691544,0.03936444190804633,0.5455954528215208
NA-ND,r_3_2,0.11676725443665796,0.020275476999377668,0.34061859030614206
NA-ND,r_4_2,0.511463283729264,0.16712936716723092,1.0611889036510993
NA-ND,r_1_3,1.706376452998431,0.44697662816044453,3.619380137657776
NA-ND,r_2_3,0.742418512385142,0.04171565573381695,2.423028348567203
NA-ND,r_4_3,5.548067342041711,2.421860859701591,10.159567597998812
NA-ND,r_1_4,1.782247620385088,0.444728570204893,3.6885472538776978
NA-ND,r_2_4,1.2179561825573693,0.033358959964531205,3.3522487873614106
NA-ND,r_3_4,4.443559969366774,1.2647767956808929,8.815052634189318
NA-ND,e1,0.33183899094155683,0.2649758879835277,0.4037028837097067
NA-ND,e2,0.07723296315530519,0.04339078444275826,0.11627546187449017
NA-ND,e3,0.3246293188791988,0.26297916760127793,0.39407807457771266
NA-ND,e4,0.26355763287375245,0.2034390930968066,0.3240181612132419
NA-NNum,r_2_1,1.2847777104509386,0.22806298428038363,3.361332926800478
NA-NNum,r_3_1,3.2994468096981633,1.1517711521792056,6.667217876986092
NA-NNum,r_4_1,1.2728483295990367,0.3671243692912029,2.637671724331119
NA-NNum,r_1_2,0.26340932456986077,0.03215500907703415,0.708293182519055
NA-NNum,r_3_2,0.1965909323754125,0.01640127771979685,0.5304578045233818
NA-NNum,r_4_2,0.761331594548327,0.2543030084773928,1.5671087303508835
NA-NNum,r_1_3,1.3766520665593673,0.36195297427613404,3.345163769878684
NA-NNum,r_2_3,0.3785638820909285,0.040479135874756406,1.2133656573041613
NA-NNum,r_4_3,1.6442898313726608,0.630839962350579,3.255931672488505
NA-NNum,r_1_4,1.5983519712717547,0.30480914860239294,3.8336641199133172
NA-NNum,r_2_4,2.859307936797242,0.6106815258673565,5.868079016093413
NA-NNum,r_3_4,2.84663629263387,0.700367036882761,6.2790146043533985
NA-NNum,e1,0.35206722393867723,0.285508383678355,0.42955766927721517
NA-NNum,e2,0.09104383007864572,0.05378790372091035,0.1344883414104025
NA-NNum,e3,0.17962380770750525,0.12404914874609813,0.23654984748578511
NA-NNum,e4,0.37275035503043125,0.299753819880578,0.44648748424926743
NA-NRc,r_2_1,1.0818110194934039,0.2040246780891087,2.664465165421146
NA-NRc,r_3_1,2.8816876107437785,1.1284959521823135,5.698418088678192
NA-NRc,r_4_1,0.4328450408729884,0.027288710490103202,1.3649110081550235
NA-NRc,r_1_2,0.557988749427984,0.0797885527217696,1.5026320414917334
NA-NRc,r_3_2,0.7074624271343393,0.1909699535815442,1.6285123361757095
NA-NRc,r_4_2,3.209756153559514,0.8372701017150412,7.1475514953571455
NA-NRc,r_1_3,6.039458439213248,2.4505789650213234,12.272508009448703
NA-NRc,r_2_3,1.0429804869705008,0.0780756507547173,2.8769316586497258
NA-NRc,r_4_3,1.0105881628124602,0.05792185349526193,2.899557160217587
NA-NRc,r_1_4,0.2754733259660468,0.026425474746854187,0.8511913696682352
NA-NRc,r_2_4,0.8685998957040885,0.16169163036507844,2.1478513219248634
NA-NRc,r_3_4,0.24420617690378196,0.04242103744498631,0.5955952402481959
NA-NRc,e1,0.22925226424728226,0.16292195890653274,0.29474355269173574
NA-NRc,e2,0.23018113776531657,0.16800419603483266,0.31079138238710957
NA-NRc,e3,0.453073745605675,0.3661700765947575,0.5311408079158566
NA-NRc,e4,0.08249823429104866,0.04271242223922579,0.1311853437740365
ND-NNum,r_2_1,1.0014092374152543,0.2153179067059686,2.243307832818949
ND-NNum,r_3_1,2.6990444632476844,0.94180596176534,5.357674906304333
ND-NNum,r_4_1,1.032262441455838,0.3583473543571276,2.1661429528229275
ND-NNum,r_1_2,0.4258779392547656,0.07421098766060172,1.0991636639642375
ND-NNum,r_3_2,0.5602662574823398,0.06666866878308227,1.472828407250357
ND-NNum,r_4_2,2.7010364195766696,1.016684428097718,5.237496937573061
ND-NNum,r_1_3,0.49612363277558147,0.09612239432938346,1.1156602783080376
ND-NNum,r_2_3,0.18108976713907982,0.02601106651297297,0.5402519666312217
ND-NNum,r_4_3,1.118593079235705,0.41352873953256436,2.354846821766486
ND-NNum,r_1_4,0.6266728747336499,0.12376900822947834,1.486533528116982
ND-NNum,r_2_4,3.6014392902978116,1.536958320277048,7.07345741502716
ND-NNum,r_3_4,1.8530073042188127,0.5847946290185889,4.218208187348454
ND-NNum,e1,0.45626282584223044,0.38195795169680247,0.5281372180461675
ND-NNum,e2,0.19331108521595358,0.14058649158948067,0.24713432446914865
ND-NNum,e3,0.10431122494525732,0.06657362581819587,0.14910281862361635
ND-NNum,e4,0.24273817378119186,0.18601734724945368,0.30159021599682145
ND-NRc,r_2_1,0.7143492775366667,0.07854938228415421,2.0775348314046505
ND-NRc,r_3_1,5.092159523979168,1.7295910967521184,9.588130146630787
ND-NRc,r_4_1,0.8056364648867749,0.06010147717358047,3.282879388786824
ND-NRc,r_1_2,1.6059408260744497,0.18310729629337053,3.56093638109033
ND-NRc,r_3_2,0.9059833708254228,0.15583467089777575,2.063375541835562
ND-NRc,r_4_2,1.193265266210886,0.09275190396156781,4.081736964568322
ND-NRc,r_1_3,3.2924944975431605,0.8004114771332318,6.92726832406529
ND-NRc,r_2_3,2.061460417523519,0.15793012291919656,5.12317685422667
ND-NRc,r_4_3,1.4211552767537272,0.06546482518407781,4.738865078149202
ND-NRc,r_1_4,0.17254298729527098,0.024938707113893135,0.4508211083527859
ND-NRc,r_2_4,1.1639553971575918,0.31856531934610927,2.6225041892381746
ND-NRc,r_3_4,0.17451733628388855,0.02373919842328305,0.44377432103050973
ND-NRc,e1,0.352139425078689,0.27157979496850515,0.4318003037145273
ND-NRc,e2,0.23768739387106308,0.17607770030827227,0.3179961092982482
ND-NRc,e3,0.3049836358660253,0.23207895144437418,0.37727715927273525
ND-NRc,e4,0.09775438116382469,0.05421221849638409,0.14638067627591653
NNum-NRc,r_2_1,1.2821871728345466,0.1198756792771469,3.479017749851935
NNum-NRc,r_3_1,4.555919061219974,1.9764653529971203,8.684620934188157
NNum-NRc,r_4_1,0.4329652266359101,0.03580272062845613,1.4483430509314847
NNum-NRc,r_1_2,1.866760654840335,0.5098298877099102,3.918530064277369
NNum-NRc,r_3_2,0.48344973938904406,0.06468853051305667,1.2695718426898885
NNum-NRc,r_4_2,2.4698585745475343,0.6666147830673239,5.521772354474198
NNum-NRc,r_1_3,4.282562223452592,1.6667374716161973,9.159230381858022
NNum-NRc,r_2_3,1.5138215026205106,0.055051767915089825,3.9220866351195904
NNum-NRc,r_4_3,1.0930606158352998,0.12491179892170041,2.9423633103621967
NNum-NRc,r_1_4,0.2265894216828176,0.025646955977805416,0.6385798833325322
NNum-NRc,r_2_4,0.5370921091937034,0.06163186320953457,1.4014531925781968
NNum-NRc,r_3_4,0.31367702189842583,0.03781807032812661,0.7577309350381923
NNum-NRc,e1,0.30352844337206286,0.22948657288208568,0.3849399899659767
NNum-NRc,e2,0.2664177881574286,0.19071989386022056,0.34636250086661535
NNum-NRc,e3,0.3420810445897947,0.2710246608564369,0.42532587989656057
NNum-NRc,e4,0.08145035598627307,0.04113730569589658,0.12733259947878794
